id,description,location,count(b.blurtid),avg(a.sentiment)
1,shoes,Washington,312,-0.2788
1,shoes,Florida,157,-0.5732
1,shoes,Pennsylvania,403,-0.3573
1,shoes,Wyoming,371,-0.4690
1,shoes,Masachussets,314,-0.5732
1,shoes,Texas,180,-0.1167
1,shoes,Illinois,262,-0.1489
1,shoes,Utah,355,-0.5324
1,shoes,Nevada,173,-0.4335
1,shoes,Oregon,398,-0.7312
1,shoes,California,307,-0.7622
1,shoes,"Ney York",255,-0.3647
1,shoes,Colarado,107,-0.3925
3,bats,Washington,256,-0.3047
3,bats,Florida,122,-0.2049
3,bats,Pennsylvania,326,-0.2791
3,bats,Wyoming,294,-0.2415
3,bats,Michigan,218,-0.3899
3,bats,Masachussets,244,-0.2049
3,bats,Texas,152,-0.3553
3,bats,Illinois,220,-0.3455
3,bats,Utah,278,-0.2194
3,bats,Nevada,138,-0.2536
3,bats,Oregon,300,-0.1467
3,bats,California,230,-0.1348
3,bats,"Ney York",206,-0.2767
3,bats,Hawaii,268,-0.3955
3,bats,Colarado,86,-0.2674
5,caps,Washington,223,-0.2377
5,caps,Florida,118,-0.2203
5,caps,Pennsylvania,292,-0.2329
5,caps,Wyoming,274,-0.2263
5,caps,Michigan,172,-0.2558
5,caps,Masachussets,236,-0.2203
5,caps,Texas,125,-0.2480
5,caps,Illinois,183,-0.2459
5,caps,Utah,265,-0.2226
5,caps,Nevada,127,-0.2283
5,caps,Oregon,307,-0.2117
5,caps,California,238,-0.2101
5,caps,"Ney York",185,-0.2324
5,caps,Hawaii,210,-0.2571
5,caps,Colarado,78,-0.2308
7,games,Florida,115,-0.0261
7,games,Masachussets,230,-0.0261
7,games,Utah,262,-0.0115
7,games,Oregon,283,-0.0848
7,games,California,217,-0.0968
9,teddys,Washington,247,-0.4696
9,teddys,Florida,133,-0.4737
9,teddys,Pennsylvania,325,-0.4708
9,teddys,Wyoming,307,-0.4723
9,teddys,Michigan,187,-0.4652
9,teddys,Masachussets,266,-0.4737
9,teddys,Texas,137,-0.4672
9,teddys,Illinois,201,-0.4677
9,teddys,Utah,298,-0.4732
9,teddys,Nevada,142,-0.4718
9,teddys,Oregon,349,-0.4756
9,teddys,California,271,-0.4760
9,teddys,"Ney York",206,-0.4709
9,teddys,Hawaii,228,-0.4649
9,teddys,Colarado,87,-0.4713
